filename,title,date
Batty 2021.jpg,Batty,2021
"Dark_Matter, 2021.jpg",Dark Matter,2021
Extinction 2021.jpg,Extinction,2021
Fun Fact 2020.jpg,Fun Fact,2020
Handsome Scavenger 2019.jpg,Handsome Scavenger,2019
Happy_Halloween 2019.jpg,Happy Halloween,2019
Missed Connection Haiku 2020.jpg,Missed Connection Haiku,2020
Panspermia 2018.jpg,Panspermia,2018
Reaching 2023.jpg,Reaching,2023
Space_Cadet 2016.jpg,Space Cadet,2016
Sparrow 2018.jpg,Sparrow,2018
Summer Babe 2020.jpg,Summer Babe,2020
Symbiosis 2022.jpg,Symbiosis,2022
The Good Doctor 2020.jpg,The Good Doctor,2020
Untitled 2017.jpg,Untitled,2017
We are Star Stuff 2018.jpg,We are Star Stuff,2018